FIT_log_likelihood,absolute_error_Delta,absolute_error_G,absolute_error_Omega,absolute_error_R,baseline_guard_hit_count,baseline_guard_hits,converged,delta_LS_ar1,delta_LS_narrative,delta_LS_persistence,error,fitted_Delta,fitted_G,fitted_Omega,fitted_R,fitted_local_regime,holdout_LS_RCWE,holdout_MAE_RCWE,optimizer_agreement,optimizer_reported_successful_starts,regime_recovered,scenario,seed,stationary_starts,successful_starts,top_two_log_likelihood_gap,truth_Delta,truth_G,truth_Omega,truth_R,truth_regime
-16.392988160718485,0.0005506364887215565,0.1889226684190708,0.8233434835746039,0.012080264160636331,0,,True,-1.743470053698183,2.8835881878172316,1.5209987043962965,,0.5005506364887216,0.9889226684190708,8.823343483574604,0.11208026416063634,stable,-7.755920121794084,0.045070737460419494,True,3,True,strong_stable,260901,3,3,6.039613253960852e-14,0.5,0.8,8.0,0.1,stable
-32.83190231898611,0.012098706423536665,0.06915629254737887,0.6497046065632972,0.000569478050472208,0,,True,-0.23211044517149482,2.3978510828137747,1.7607795903603236,,0.48790129357646334,0.7308437074526212,7.350295393436703,0.0994305219495278,stable,-11.268495091019004,0.05555670226868916,True,3,True,strong_stable,260902,2,2,1.7763568394002505e-13,0.5,0.8,8.0,0.1,stable
-14.00451645846909,0.010283547204177013,0.004749930295956828,0.48809333972480395,0.005190730345803668,0,,True,-6.692282695902147,-7.499542314584456,-9.650360998378439,,0.510283547204177,0.8047499302959569,8.488093339724804,0.09480926965419634,stable,-24.577596804676826,0.07740208431936231,True,3,True,strong_stable,260903,2,2,3.197442310920451e-14,0.5,0.8,8.0,0.1,stable
-32.21806469634111,0.008071901611233279,0.059578482789200304,0.04609227742982647,0.0068317952554946965,0,,True,0.20365614946845056,0.24367247491246502,2.4382530237649913,,0.5080719016112333,0.8595784827892003,8.046092277429826,0.1068317952554947,stable,-11.044975493948685,0.05023505026503681,True,2,True,strong_stable,260904,2,2,1.4210854715202004e-14,0.5,0.8,8.0,0.1,stable
-28.735943195681706,0.0008622595666102906,0.02634214857198658,0.324764250507557,0.0007992297147582372,0,,True,0.7389566099188896,1.0536925118200182,5.142007882354078,,0.4991377404333897,0.7736578514280135,7.675235749492443,0.10079922971475824,stable,-7.915364244498593,0.02628797128330542,True,3,True,strong_stable,260905,3,3,9.947598300641403e-14,0.5,0.8,8.0,0.1,stable
-26.706429532615438,0.006475640937433691,0.7994347901969429,2.347901969427884,0.0999,0,,True,-0.06480275243203604,6.489384148986057,3.096803600368018,,0.5064756409374337,0.0005652098030572121,5.652098030572116,0.00010000000000000009,stable,-7.6169782307760965,0.03018258543618288,True,4,True,strong_stable,260906,3,3,1.3145040611561853e-13,0.5,0.8,8.0,0.1,stable
-32.85255852481956,0.010891223010335793,0.1608535922998393,0.7236020810850388,0.010144133509162614,0,,True,2.006213509582091,1.666068330025281,5.947541156188004,,0.4891087769896642,0.9608535922998394,8.723602081085039,0.11014413350916262,stable,-9.465372262931394,0.05118273994931759,True,3,True,strong_stable,260907,3,3,7.105427357601002e-15,0.5,0.8,8.0,0.1,stable
-28.758961097139164,0.005500733165324956,0.18779453730515305,0.9196129355544684,0.010744103409207964,0,,True,-4.23034782752797,-0.4093621252118904,-2.0573415669012665,,0.49449926683467504,0.9877945373051531,8.919612935554468,0.11074410340920797,stable,-15.209721571408926,0.06943861698162893,True,3,True,strong_stable,260908,2,2,5.400124791776761e-13,0.5,0.8,8.0,0.1,stable
-24.03419508798254,0.005167103245038662,0.14970034731455106,0.5865292920149603,0.010603518024182898,0,,True,0.3467143750903503,10.770726382619277,2.2788337329901296,,0.49483289675496134,0.9497003473145511,8.58652929201496,0.1106035180241829,stable,-9.871811102497848,0.04522632831244387,True,3,True,strong_stable,260909,3,3,3.552713678800501e-14,0.5,0.8,8.0,0.1,stable
-33.54430483922089,0.004611617578367311,0.0718362033564881,0.09530957828961384,0.0076964623681125,0,,True,1.3551875017980155,3.926136132266169,3.8691227724113197,,0.4953883824216327,0.8718362033564881,8.095309578289614,0.1076964623681125,stable,-10.158983785193628,0.043440351009567404,True,3,True,strong_stable,260910,2,2,2.2524204723595176e-12,0.5,0.8,8.0,0.1,stable
-18.728170606162237,0.0005963898349480301,0.1439874869807075,0.22406384575709026,0.01478357958854172,0,,True,-0.13748468516435963,2.207633566446196,2.477388977613515,,0.500596389834948,0.9439874869807076,8.22406384575709,0.11478357958854173,stable,-8.23639285337128,0.03560956915276507,True,3,True,strong_stable,260911,3,3,4.618527782440651e-14,0.5,0.8,8.0,0.1,stable
-37.623935129667345,0.013323172095788482,0.16773027151828912,0.3624584079409576,0.015723179035406168,0,,True,-0.14966224317287313,0.26679682128176196,3.47693363451277,,0.5133231720957885,0.9677302715182892,8.362458407940958,0.11572317903540617,stable,-12.28351409433512,0.06421138201049559,True,3,True,strong_stable,260912,3,3,2.7782220968219917e-12,0.5,0.8,8.0,0.1,stable
-26.876619742310382,0.009172270246108782,0.3008337279217014,0.945653769275518,0.04420013506528494,0,,True,0.9093798456389286,4.533193339606548,6.565097209997246,,0.5091722702461088,0.49916627207829867,8.945653769275518,0.05579986493471507,stable,-2.39756012605818,0.011805870659232087,True,3,True,strong_stable,260913,3,3,1.0658141036401503e-13,0.5,0.8,8.0,0.1,stable
-28.97661305743942,0.003998611306937461,0.15133747556695887,0.042929022885737744,0.019558751995947893,0,,True,1.8166841354230332,2.51470253490901,6.462938135271241,,0.5039986113069375,0.9513374755669589,7.957070977114262,0.1195587519959479,stable,-4.862901809272424,0.02635719843785319,True,4,True,strong_stable,260914,3,3,4.511946372076636e-13,0.5,0.8,8.0,0.1,stable
-32.62317083032788,0.0022354397276242444,0.12445966621889648,0.47026701600806753,0.009141738326755008,0,,True,1.934398680571471,2.2098090557021806,6.569104312686861,,0.49776456027237576,0.9244596662188965,8.470267016008068,0.10914173832675501,stable,-7.959408302441057,0.03217384775393349,True,3,True,strong_stable,260915,3,3,2.1316282072803006e-14,0.5,0.8,8.0,0.1,stable
-16.19996198083199,0.020563165878209055,0.07768022969185928,0.09549642914654477,0.008415862742142843,0,,False,1.6463268858486644,7.9242728111590655,4.730632338796799,,0.520563165878209,0.8776802296918593,8.095496429146545,0.10841586274214285,stable,-3.902108601104788,0.044992799899786454,False,3,True,strong_stable,260916,1,1,,0.5,0.8,8.0,0.1,stable
-17.35290632591636,0.012713663708899703,0.024102224997477606,0.2576506503891274,0.00020136962821946935,0,,True,0.2802553590435277,6.545322998459784,2.1014493880771266,,0.5127136637088997,0.8241022249974777,8.257650650389127,0.09979863037178054,stable,-5.8983713825226305,0.03358921524462025,True,4,True,strong_stable,260917,4,4,4.973799150320701e-14,0.5,0.8,8.0,0.1,stable
-34.07883710704561,0.006001190624056907,0.058824827986341366,0.5910257305727757,3.232967513387697e-05,0,,True,0.3683893205959361,23.37879912218017,3.175332338342338,,0.5060011906240569,0.8588248279863414,8.591025730572776,0.09996767032486613,stable,-10.307896179381578,0.045152565305316326,True,3,True,strong_stable,260918,3,3,4.263256414560601e-14,0.5,0.8,8.0,0.1,stable
-32.87189669895964,0.008938600380247852,0.0719874379301979,0.4698591463704602,0.002951822794345485,0,,True,2.117215072260208,4.358802720873268,7.507749548304968,,0.49106139961975215,0.871987437930198,8.46985914637046,0.10295182279434549,stable,-3.2132284424041706,0.015391320115363195,True,4,True,strong_stable,260919,3,3,6.394884621840902e-14,0.5,0.8,8.0,0.1,stable
-23.02373024438538,0.009805962835384596,0.04948257827505098,0.22653872209765424,0.003261238653532353,0,,True,1.1288643519865431,3.287625315767375,4.268908227364571,,0.5098059628353846,0.849482578275051,8.226538722097654,0.10326123865353236,stable,-4.36383271251945,0.027403233871576817,True,3,True,strong_stable,260920,2,2,8.881784197001252e-14,0.5,0.8,8.0,0.1,stable
-22.162139112583457,0.01825112709814658,0.004656792138993726,0.02836610202036205,0.000622977574632616,0,,False,5.872477495865294,6.646796191870603,13.720646612587352,,0.5182511270981466,1.1953432078610065,12.028366102020362,0.09937702242536739,oscillatory,-17.117725578574877,0.10251795467799237,False,2,True,strong_oscillatory,260901,2,1,,0.5,1.2000000000000002,12.0,0.1,oscillatory
-34.03500903106434,0.012261224370468171,0.01805845645044868,0.019880006548518736,0.00134142694767507,0,,True,10.342579946897855,10.652231061566985,21.14118764296095,,0.48773877562953183,1.1819415435495515,11.980119993451481,0.09865857305232494,oscillatory,-11.474700913642005,0.09586668063087347,True,3,True,strong_oscillatory,260902,2,2,3.552713678800501e-14,0.5,1.2000000000000002,12.0,0.1,oscillatory
-19.664923153392312,0.014411239566305634,0.06053614048556444,0.1596197507750059,0.0036657532325567177,0,,True,3.4987347924534937,4.32039678974823,13.728604139837259,,0.5144112395663056,1.2605361404855646,12.159619750775006,0.10366575323255672,oscillatory,-19.95253731741451,0.09974820601017512,True,3,True,strong_oscillatory,260903,2,2,1.2398970739013748e-12,0.5,1.2000000000000002,12.0,0.1,oscillatory
-34.321902468636225,0.00110032251428005,0.015047496123118398,0.026893445445233866,0.0014747649297881527,0,,True,0.2746853455819078,0.4355335171748784,10.663178270186396,,0.50110032251428,1.1849525038768818,12.026893445445234,0.09852523507021185,oscillatory,-21.981138979564495,0.14038862659833495,True,3,True,strong_oscillatory,260904,2,2,2.1316282072803006e-13,0.5,1.2000000000000002,12.0,0.1,oscillatory
-38.99523206701265,0.006262447948887917,0.08541002784400309,0.18054102203209332,0.00552979752861231,0,,True,5.796122636362071,8.348510002757227,13.350169677307502,,0.4937375520511121,1.2854100278440033,12.180541022032093,0.10552979752861232,oscillatory,-19.098193963990628,0.10666885928418732,True,4,True,strong_oscillatory,260905,3,3,2.7711166694643907e-13,0.5,1.2000000000000002,12.0,0.1,oscillatory
-36.913716716719186,0.01677575748724347,0.013885786599935113,0.059797373602021864,0.0006621369408131988,0,,True,14.092377954833047,17.60431892263541,21.368316806227828,,0.5167757574872435,1.186114213400065,11.940202626397978,0.0993378630591868,oscillatory,-11.27749682640798,0.08848701314610954,True,3,True,strong_oscillatory,260906,2,2,2.7711166694643907e-13,0.5,1.2000000000000002,12.0,0.1,oscillatory
-33.96853493861357,0.006303888151407366,0.02793618355978933,0.12431818591511679,0.0012787824214551963,0,,True,13.066351756251894,13.218795195602961,22.1463208223032,,0.49369611184859263,1.2279361835597895,12.124318185915117,0.1012787824214552,oscillatory,-8.85433839971725,0.0751539809310526,True,3,True,strong_oscillatory,260907,2,2,1.1226575225009583e-12,0.5,1.2000000000000002,12.0,0.1,oscillatory
-23.943880917708796,0.008634355212899347,0.07268849029082425,0.20252477893102672,0.004297144512933754,0,,False,10.052587134938443,10.218990393120373,22.296634669351775,,0.5086343552128993,1.2726884902908244,12.202524778931027,0.10429714451293376,oscillatory,-15.026151721797026,0.08150610553917123,False,2,True,strong_oscillatory,260908,1,1,,0.5,1.2000000000000002,12.0,0.1,oscillatory
-35.88217483565957,0.0068664731625422415,0.03852048627972371,0.1473134539961034,0.0019583870104453033,0,,True,11.77827460247511,12.520679365968741,21.28598692465698,,0.49313352683745776,1.2385204862797239,12.147313453996103,0.10195838701044531,oscillatory,-10.9189311995481,0.08315271608656014,True,3,True,strong_oscillatory,260909,3,3,2.1316282072803006e-14,0.5,1.2000000000000002,12.0,0.1,oscillatory
-37.36251645297677,0.010386287626982738,0.012722306135930506,0.0036312077580387125,0.0010296205494999683,0,,False,6.185930936826908,6.122658003771464,14.308313469755218,,0.48961371237301726,1.2127223061359307,12.003631207758039,0.10102962054949997,oscillatory,-14.441736088551822,0.10286970303321685,False,4,True,strong_oscillatory,260910,1,1,,0.5,1.2000000000000002,12.0,0.1,oscillatory
-31.217796430592326,0.00707484915383727,0.03274960409428074,0.035990971255893456,0.0024365166307260128,0,,False,6.205153105431654,6.6576555230942045,18.404306913519484,,0.49292515084616273,1.1672503959057194,11.964009028744107,0.09756348336927399,oscillatory,-14.81774631573513,0.10398625779635909,False,3,True,strong_oscillatory,260911,1,1,,0.5,1.2000000000000002,12.0,0.1,oscillatory
-35.11994480412981,0.013444418528613333,0.011584568785235616,0.05225299337470446,0.0005322567881826251,0,,True,9.26626617730597,9.293091684065898,23.752141185918816,,0.5134444185286133,1.1884154312147646,11.947747006625296,0.09946774321181738,oscillatory,-13.518206581155217,0.09482314010398149,True,3,True,strong_oscillatory,260912,3,3,4.263256414560601e-14,0.5,1.2000000000000002,12.0,0.1,oscillatory
-39.63273739131632,0.0008739699897036823,0.03666140411263075,0.11360604409702901,0.0021285513332967576,0,,False,15.440950454493828,15.58603077719197,23.868861878071634,,0.5008739699897037,1.1633385958873694,11.886393955902971,0.09787144866670325,oscillatory,-7.939063224408864,0.07508163859594894,False,3,True,strong_oscillatory,260913,3,3,28.65780548860554,0.5,1.2000000000000002,12.0,0.1,oscillatory
-34.7890617753385,0.015603730709114694,0.06659605794411405,0.20940797521536325,0.003872177099047025,0,,True,13.407593060199694,13.38194570329928,14.468094542997818,,0.5156037307091147,1.1334039420558861,11.790592024784637,0.09612782290095298,oscillatory,-11.36188502233658,0.09487681278957247,True,3,True,strong_oscillatory,260914,3,3,7.105427357601002e-15,0.5,1.2000000000000002,12.0,0.1,oscillatory
-31.82009771645739,0.0062712817366165075,0.04895388827785929,0.11147825763891461,0.003180047387999249,0,,True,10.899960104402382,15.435438338464998,20.28847080938421,,0.5062712817366165,1.1510461117221409,11.888521742361085,0.09681995261200076,oscillatory,-15.889250922506005,0.10550092482535749,True,3,True,strong_oscillatory,260915,3,3,9.237055564881302e-14,0.5,1.2000000000000002,12.0,0.1,oscillatory
-24.413816891218517,0.0044179394094809865,0.012500904955835557,0.0562687091100873,0.001503597531228404,0,,False,9.084383071634301,11.491353337611374,18.83637235360664,,0.495582060590519,1.1874990950441646,12.056268709110087,0.0984964024687716,oscillatory,-12.40849764705951,0.09792090205797063,False,2,True,strong_oscillatory,260916,0,0,,0.5,1.2000000000000002,12.0,0.1,oscillatory
-26.599909690312522,0.004396924884291997,0.012213759769933663,0.011882217035401155,0.0009178859621814389,0,,False,16.569475173176265,16.78856732902279,26.42270671262524,,0.504396924884292,1.2122137597699338,12.011882217035401,0.10091788596218144,oscillatory,-5.872260399007826,0.06806075998622732,False,2,True,strong_oscillatory,260917,1,1,,0.5,1.2000000000000002,12.0,0.1,oscillatory
-32.81298503710919,0.003574943304274436,0.008739045624323927,0.04512931134285836,0.00035085671401290097,0,,True,14.626401344080787,20.927866237898606,25.16747160827123,,0.5035749433042744,1.208739045624324,12.045129311342858,0.1003508567140129,oscillatory,-9.4752133897255,0.08109912633205871,True,2,True,strong_oscillatory,260918,2,2,1.2576606422953773e-12,0.5,1.2000000000000002,12.0,0.1,oscillatory
-30.81812181753638,0.0020664523656778178,0.024003217415023315,0.07246854643927314,0.0014048475022963441,0,,False,12.535897509280186,12.805556339278539,24.006261044035394,,0.5020664523656778,1.1759967825849769,11.927531453560727,0.09859515249770366,oscillatory,-9.013500857429332,0.08362770715371684,False,3,True,strong_oscillatory,260919,2,2,37.35049862250328,0.5,1.2000000000000002,12.0,0.1,oscillatory
-28.78331141556777,0.002531747363864245,0.02594570914906069,0.09505390533752767,0.001359259639847732,0,,True,12.147448976323663,12.407953570417426,21.992312742677925,,0.49746825263613575,1.2259457091490609,12.095053905337528,0.10135925963984774,oscillatory,-11.298403623136409,0.08708966380699443,True,3,True,strong_oscillatory,260920,2,2,9.947598300641403e-14,0.5,1.2000000000000002,12.0,0.1,oscillatory
